x,y,z,isOnCurveMod,angle,isMdlVtx
-25, -3275.28, 0, 1, 0.902546, 1
-23, -3274.01, 0, 1, 1.91781, 0
-21, -3272.21, 0, 1, 1.50181, 0
-20.933, -3270, 0, 1, 2.10182, 0
-20.631, -3268, 0, 1, 2.0845, 0
-20.081, -3266, 0, 1, 1.43072, 0
-21, -3264.32, 0, 1, 2.87661, 1
-19, -3262.5, 0, 1, 2.03863, 0
