x,y,z,isOnCurveMod,angle,isMdlVtx
621.857, -1356, 0, 0, 3.12386, 1
622.612, -1354, 0, 0, 1.71999, 0
622.6, -1352, 0, 0, 1.45195, 0
621, -1350.71, 0, 0, 1.72138, 0
619, -1350.31, 0, 1, 1.91856, 0
617, -1350.12, 0, 1, 3.71794, 1
619, -1349.63, 0, 1, 1.88414, 0
621, -1348.73, 0, 0, 1.67262, 0
