x,y,z,isOnCurve,angle,isMdlVtx
10,5,0,1,0.555556,1
20,5,0,1,2,0
30,5,0,1,2,0
40,5,0,1,2,0
50,5,0,1,0.555556,1
30,30,0,1,0.888889,1
