x,y,z,isOnCurve,angle,isMdlVtx
355, -2646.33, 0, 0, 1.34067, 1
353.333, -2646, 0, 0, 3.73418, 1
355, -2645.81, 0, 1, 1.60971, 0
356.869, -2644, 0, 1, 1.60554, 0
357, -2642.98, 0, 1, 1.6112, 0
355.869, -2640, 0, 1, 1.84604, 0
355, -2638.85, 0, 1, 1.99343, 0
354.347, -2638, 0, 0, 3.43591, 1
