x,y,z,isOnCurve,angle,isMdlVtx
0,0,0,0,1.34067,1
60,0,0,0,1.34067,1
60,60,0,0,1.34067,1
0,60,0,0,1.34067,1
10,5,0,0,1.34067,1
20,5,0,1,3.73418,0
30,5,0,1,1.60971,0
40,5,0,1,1.60554,0
50,5,0,0,1.6112,1
30,30,0,0,1.6112,1
