x,y,z,isOnCurveMod,angle,isMdlVtx
-363, -2671.28, 0, 1, 1.35195, 1
-361, -2670.63, 0, 1, 1.73976, 0
-359, -2668.59, 0, 1, 2.15334, 0
-357.912, -2668, 0, 1, 1.91224, 0
-355.36, -2666, 0, 0, 1.97533, 0
-353.05, -2664, 0, 0, 0.0635282, 1
